Order_ID,Order_Date,Customer_ID,Customer_Name,Region,Category,Product,Quantity,Unit_Price,Discount
1001,2026-01-03,CUST-001,Asha Traders,North,Office Supplies,Paper,5,12.5,0.1
1002,2026-01-04,CUST-002,Bright Stores,South,Technology,Keyboard,2,35.0,0.05
1003,2026-01-05,CUST-003,City Mart,East,Furniture,Chair,1,120.0,0.15
1002,2026-01-04,CUST-002,Bright Stores,South,Technology,Keyboard,2,35.0,0.05
1002,2026-01-04,CUST-002,Bright Stores,South,Technology,Keyboard,2,35.0,0.05
1004,2026-01-06,CUST-004,Delta Office,West,Office Supplies,Binder,10,8.0,0.0
1005,2026-01-07,CUST-005,Evergreen Pvt Ltd,North,Technology,Monitor,3,210.0,0.1
1006,2026-01-08,CUST-006,Fresh Hub,South,Furniture,Desk,2,180.0,0.05
1007,2026-01-09,CUST-007,Global Needs,East,Office Supplies,Notebook,12,4.5,0.0
1008,2026-01-10,CUST-008,Home Works,West,Technology,Mouse,4,18.0,0.05
1009,2026-01-11,CUST-009,Indigo Retail,North,Furniture,Table,1,250.0,0.2
1009,2026-01-11,CUST-009,Indigo Retail,North,Furniture,Table,1,250.0,0.2
1010,2026-01-12,CUST-010,Jasmine Co,South,Office Supplies,Pen Set,20,3.25,0.0
1011,2026-01-13,CUST-011,Kaveri Foods,East,Technology,Printer,1,160.0,0.1
1012,2026-01-14,CUST-012,Lotus Labs,West,Furniture,Bookcase,1,95.0,0.05
1013,2026-01-15,CUST-013,Metro Supplies,North,Office Supplies,Stapler,6,9.75,0.0
1014,2026-01-16,CUST-014,Nova Retail,South,Technology,Webcam,2,45.0,0.1
1015,2026-01-17,CUST-015,Orbit Stores,East,Furniture,Shelf,2,75.0,0.15
1016,2026-01-18,CUST-016,Prime Office,West,Office Supplies,Folder,15,2.8,0.0
1017,2026-01-19,CUST-017,Quick Buy,North,Technology,USB Hub,5,22.0,0.05
